firstName,lastName,totalPrice,depositPaid,checkin,checkout,additionalNeeds
Sophie,Myers,368,false,6/3/2023,12/16/2023,FOOD
Estella,Ryan,362,true,6/7/2023,9/16/2023,CASARO
Susan,Chavez,827,true,1/31/2023,9/5/2023,BUDIBAR
Danny,Waters,1380,true,8/11/2023,10/19/2023,RIVERA
Alex,Obrien,139,false,1/29/2023,11/15/2023,PASTIE
Ricardo,Strickland,1733,false,5/29/2023,10/18/2023,SALPA
Janie,McCoy,586,false,2/8/2023,11/27/2023,ZW
Kenneth,Gill,1432,false,1/23/2023,11/1/2023,TOSTADOS
Margaret,Hernandez,1859,false,6/12/2023,9/29/2023,ALWADI
Lizzie,Schneider,722,false,3/24/2023,11/8/2023,LINAZA
Christopher,Ramirez,1659,false,4/23/2023,10/12/2023,SEELY
Hulda,Jackson,29,true,2/1/2023,10/29/2023,FARMERS
Duane,McKenzie,1466,true,6/22/2023,12/4/2023,MINT
Jared,Luna,1652,false,5/22/2023,10/16/2023,CLASSICI
Warren,Peterson,45,false,6/23/2023,12/23/2023,TAMARI
Marguerite,Carter,666,true,1/2/2023,11/17/2023,BMR
Ruby,Price,323,true,8/5/2023,12/21/2023,LORIVA
Christine,Green,1646,true,7/13/2023,10/14/2023,ALGOOD
Mattie,Scott,397,true,8/18/2023,9/30/2023,GOLIATH
Nannie,Lee,1927,true,6/27/2023,12/18/2023,SKITTLES
Lewis,Cobb,1220,false,2/21/2023,11/13/2023,DASTONY
Ronald,McKinney,1094,false,4/11/2023,11/12/2023,ROLLITOS
Effie,Gregory,613,true,5/1/2023,9/7/2023,HEALTHEE
Bettie,Barrett,337,true,2/22/2023,9/15/2023,TANKA
Zachary,Campbell,1173,false,4/22/2023,11/6/2023,FROSTERS
Alberta,McGuire,1311,true,6/29/2023,12/19/2023,CLASSICS
Virginia,Bailey,1563,true,3/19/2023,9/23/2023,BOLANDS
Ronald,Butler,528,false,3/6/2023,10/21/2023,TURKISH
Lena,Rhodes,838,false,4/16/2023,11/25/2023,DRINK
Elizabeth,Brock,683,true,8/15/2023,12/11/2023,HOLIDAY
Hulda,Johnston,895,false,7/18/2023,12/17/2023,TURCI
Lois,Gibbs,1802,false,6/19/2023,11/10/2023,MORN
Augusta,Hernandez,640,true,6/11/2023,9/28/2023,IGA
Lida,Roberts,23,true,6/24/2023,11/24/2023,SANGARIA
Myrtle,Garner,1159,true,1/10/2023,11/11/2023,LICUADO
Virginia,Horton,1530,false,7/19/2023,9/3/2023,CACAO
Lee,Nunez,42,true,1/17/2023,10/23/2023,DELINUT
Nellie,Sullivan,627,false,4/24/2023,12/24/2023,FINI
Angel,Moran,675,true,4/1/2023,10/1/2023,GIANT
Danny,Mann,1482,false,7/14/2023,12/5/2023,PASTY
Ivan,Ford,1781,false,7/15/2023,12/13/2023,PUBLIX
Iva,Jensen,446,true,8/14/2023,12/22/2023,FRANTOIA
Craig,Figueroa,297,true,8/23/2023,9/20/2023,TOSCHI
Jayden,Reeves,1457,true,7/25/2023,9/18/2023,ARCOIRIS
Esther,Park,1830,true,3/21/2023,12/6/2023,SONDA
Mollie,Christensen,598,true,8/16/2023,11/20/2023,VEGETA
Adrian,Sandoval,993,true,7/23/2023,10/22/2023,WYLWOOD
Katie,Weber,1980,false,5/28/2023,10/11/2023,CLASSICS
Milton,Patrick,1710,true,6/9/2023,10/26/2023,KOWALSKI
Ethan,Schwartz,308,false,4/3/2023,9/11/2023,ANGELINA
Lilly,Quinn,1011,false,6/21/2023,9/9/2023,BITE
Stephen,Adkins,918,true,2/6/2023,12/7/2023,WBC
Craig,Mills,1655,true,3/17/2023,10/31/2023,SUAVVA
David,Griffin,695,true,5/7/2023,10/15/2023,PHILICON
Mike,Underwood,1983,true,3/13/2023,10/9/2023,VINEGAR
Janie,Saunders,1245,true,1/7/2023,9/22/2023,CASBAH
Fred,Fox,140,true,6/16/2023,11/7/2023,KEMACH
Cynthia,Moreno,1821,true,1/14/2023,12/3/2023,OREOS
Katie,Zimmerman,925,true,4/25/2023,11/26/2023,BANDITO
Darrell,Hernandez,1273,false,3/9/2023,11/5/2023,MONIN
Nannie,Morgan,1767,false,4/18/2023,12/14/2023,VERISMO
Adeline,Nash,1726,false,7/28/2023,9/2/2023,MARCONI
Evan,Norton,1025,true,6/13/2023,9/27/2023,REGELEIN
Janie,Cooper,1203,true,6/26/2023,10/25/2023,SPEARS
Randall,Lyons,376,true,2/4/2023,11/19/2023,SHAWARMA
Madge,Conner,1876,true,8/12/2023,10/6/2023,POLPETTE
Rodney,Thompson,1104,false,7/11/2023,8/29/2023,CHUKAR
Andrew,Stokes,736,false,2/28/2023,10/24/2023,CYNARA
Dorothy,Andrews,192,true,6/10/2023,8/31/2023,RYE
Eleanor,Butler,1368,false,5/24/2023,10/20/2023,ELIXIA
Garrett,Adams,855,true,7/9/2023,9/24/2023,GRAVY
Kyle,Nelson,1438,false,4/4/2023,12/20/2023,SHAWARMA
Emily,Tyler,1608,true,4/17/2023,12/26/2023,TINY
Lillie,Sanders,1976,true,3/29/2023,11/18/2023,WONKA
Pearl,Salazar,251,true,7/2/2023,8/30/2023,BENNETTS
Corey,Sanders,257,false,5/8/2023,11/16/2023,HEMPMILK
Mike,Boone,292,true,3/26/2023,12/9/2023,MINOKU
Edward,Lane,324,true,5/20/2023,10/30/2023,NORBEST
Trevor,Garrett,1280,false,4/21/2023,9/6/2023,RICCIOLI
Lloyd,Barker,211,false,1/5/2023,9/13/2023,HORIZON
Chester,Jensen,1006,false,2/15/2023,11/28/2023,KIND
Zachary,Warner,1357,false,1/30/2023,10/4/2023,BELVEDER
Cecelia,Riley,600,true,1/25/2023,9/26/2023,TAMALE
Effie,Brown,1161,false,7/12/2023,12/10/2023,RICCIOLI
Katharine,Kelley,1455,true,5/9/2023,11/4/2023,ARHEON
Samuel,Shaw,1618,true,1/3/2023,9/25/2023,CANELITA
Louisa,Bridges,940,false,7/1/2023,10/28/2023,MARINADE
Mathilda,Hampton,304,true,5/15/2023,10/17/2023,ELSA
Myrtie,Houston,51,false,3/22/2023,10/7/2023,ALBICE
Loretta,Morton,1823,true,5/27/2023,10/27/2023,HOIST
Johanna,Wise,646,true,8/2/2023,9/12/2023,BANSI
Christopher,Chapman,1790,true,1/15/2023,11/2/2023,MCKEE
Birdie,Greene,872,false,4/9/2023,10/5/2023,LN
Caleb,Huff,1911,true,2/3/2023,12/1/2023,NATURALS
Darrell,Harmon,1014,false,2/24/2023,11/3/2023,BASSETTS
Gene,Burton,619,false,7/5/2023,11/29/2023,RUB
Elijah,Johnston,1462,false,8/24/2023,9/8/2023,BLESSOMS
Lina,Duncan,965,false,3/3/2023,10/2/2023,BISKITOP
Georgie,Medina,312,false,4/14/2023,11/21/2023,GROOVES
Mario,Strickland,650,false,3/31/2023,11/30/2023,TOTIS
Kevin,Campbell,953,false,2/9/2023,10/8/2023,FRUTEL
Mamie,Hunter,632,false,4/15/2023,10/13/2023,DECECCO
Lily,Vargas,1118,false,6/28/2023,11/9/2023,SOS
Hallie,Patterson,671,false,8/8/2023,9/17/2023,COCKTAIL
Cameron,Hampton,812,false,1/27/2023,12/2/2023,GOLDFISH
Noah,Reese,314,true,1/20/2023,12/25/2023,ALTOIDS
Miguel,Blair,1427,true,1/4/2023,9/21/2023,KADOYA
Ora,Stevens,1332,false,2/2/2023,10/3/2023,SUNFOOD
Caroline,Tucker,765,false,2/26/2023,9/10/2023,MUESLI
Lura,Cox,322,false,2/12/2023,12/8/2023,ZOUQ
Ellen,Dunn,909,false,7/8/2023,11/14/2023,TNYU
Hallie,Sullivan,1063,true,1/1/2023,9/4/2023,PASTY
Fred,Bush,360,false,6/6/2023,9/1/2023,REGELEIN
Calvin,Rowe,1566,false,4/10/2023,11/22/2023,DONETTES
Harriet,Byrd,1519,false,2/19/2023,12/15/2023,KLARBRUM
Rodney,Ray,1955,false,3/16/2023,9/14/2023,QUICKICK
Nancy,Price,1715,false,4/13/2023,9/19/2023,SANDWICH
Robert,Barnett,1283,true,3/5/2023,12/12/2023,MAESRI
Tommy,Hicks,945,false,1/8/2023,11/23/2023,RIPPLE
Mildred,Grant,1128,false,1/13/2023,10/10/2023,SUNSWEET
Richard,Carter,1159,false,2/10/2023,10/11/2023,COOL
Christian,Patrick,1149,true,2/17/2023,10/12/2023,KINDRED
Eva,Diaz,311,true,1/22/2023,10/13/2023,CHAMPION
Lilly,Hayes,784,false,7/3/2023,10/14/2023,FLATOUT
Myrtle,Kelly,1159,true,8/4/2023,10/15/2023,CACAFE
Ola,Wagner,973,false,5/30/2023,10/16/2023,PIRULETA
Marion,Brady,1526,true,5/14/2023,10/17/2023,MARICH
Walter,Bell,897,true,7/27/2023,10/18/2023,BANDERA
Ethel,Logan,399,false,2/7/2023,10/19/2023,BLEND
Ruth,Kelley,1706,false,5/3/2023,10/20/2023,DROSTE
Mason,Moss,21,true,5/11/2023,10/21/2023,HAMDAN
Nora,Reyes,190,false,4/20/2023,10/22/2023,SAZON
Ola,Garcia,1741,true,2/11/2023,10/23/2023,BELMONT
Elijah,McDaniel,1580,true,8/13/2023,10/24/2023,BOLIO
Loretta,Clark,1241,false,8/7/2023,10/25/2023,CALIFIA
Garrett,Fitzgerald,402,true,4/30/2023,10/26/2023,DUX
Logan,Mendoza,983,true,7/6/2023,10/27/2023,MARDONA
Ada,Nguyen,1436,true,7/24/2023,10/28/2023,ALE
Hallie,McKinney,1560,false,1/9/2023,10/29/2023,JORAY
Virgie,Castro,1934,false,3/28/2023,10/30/2023,NIBMOR
Herbert,Romero,26,false,3/25/2023,10/31/2023,SPRINKLE
Nell,Tate,575,false,8/6/2023,11/1/2023,TREAT
Stella,Mills,447,false,3/23/2023,11/2/2023,BEANITOS
Lina,Adams,1181,false,4/7/2023,11/3/2023,GOLDFISH
Beulah,Beck,227,false,1/6/2023,11/4/2023,FESTIVAL
Laura,Francis,1874,false,6/14/2023,11/5/2023,HUNKOLA
Russell,Price,489,true,2/27/2023,11/6/2023,SEAWINGS
Adam,Berry,43,false,7/22/2023,11/7/2023,COLORADO
Mary,Diaz,98,true,8/26/2023,11/8/2023,CACIQUE
Nathaniel,Stokes,1796,false,3/4/2023,11/9/2023,SPREE
Helen,Floyd,1839,false,2/18/2023,11/10/2023,MCGINNIS
Marcus,Horton,1306,true,3/14/2023,11/11/2023,GOMA
Marcus,Payne,632,false,4/8/2023,11/12/2023,BANGER
Luis,Wise,1704,false,6/18/2023,11/13/2023,KNUDSEN
Gavin,Benson,1991,true,2/20/2023,11/14/2023,MANDINGO
Gussie,Bass,154,false,1/21/2023,11/15/2023,SUGAR
Todd,Mack,860,true,1/26/2023,11/16/2023,NOOMA
Mae,Sanders,1890,false,7/17/2023,11/17/2023,MEATBALL
Jorge,Steele,401,false,5/18/2023,11/18/2023,JHL
Della,Walker,1381,true,2/13/2023,11/19/2023,WINGS
Isaac,Phillips,602,true,3/8/2023,11/20/2023,KEFIR
Inez,Clark,1851,false,3/30/2023,11/21/2023,HOFMANN
Raymond,Oliver,781,false,6/25/2023,11/22/2023,RONZONI
Manuel,Summers,1701,true,5/10/2023,11/23/2023,QUINOA
Alma,Robbins,552,false,5/25/2023,11/24/2023,HANMIRAE
Marcus,Weber,1428,true,1/19/2023,11/25/2023,MAILLE
Victor,Ryan,911,false,3/2/2023,11/26/2023,NUTWHATS
Ora,Castro,626,false,5/13/2023,11/27/2023,CHEVRAI
Bill,George,1491,true,4/19/2023,11/28/2023,COCONOLA
Lee,Padilla,1975,false,4/12/2023,11/29/2023,GALIL
Flora,Baker,183,false,5/17/2023,11/30/2023,BACN
Randy,Ray,1320,true,1/24/2023,12/1/2023,GOLDFISH
Lottie,Parker,613,true,6/15/2023,12/2/2023,MARCUS
Matthew,Conner,171,true,5/12/2023,12/3/2023,POPSALOT
Frank,Martin,1352,true,5/2/2023,12/4/2023,WISMA
Mitchell,Robertson,7,true,6/1/2023,12/5/2023,BOY
Phillip,Nguyen,116,false,7/30/2023,12/6/2023,ALMOND
Luis,Schmidt,336,true,2/25/2023,12/7/2023,AMOY
Logan,Steele,209,true,7/21/2023,12/8/2023,EMERILS
Sally,Fitzgerald,1498,true,3/12/2023,12/9/2023,AMBROSI
Logan,Mendoza,625,false,4/2/2023,12/10/2023,POZOLE
Gertrude,Miles,1415,true,7/31/2023,12/11/2023,DITALINI
Carrie,Welch,308,false,8/3/2023,12/12/2023,AKIYAMA
Daisy,Miller,248,true,7/10/2023,12/13/2023,JAMHA
Verna,Mack,257,false,8/21/2023,12/14/2023,MADRIGAL
Martin,Holmes,1251,false,2/23/2023,12/15/2023,ACME
Alan,Williams,708,false,4/27/2023,12/16/2023,FORAGER
Douglas,Powers,570,true,8/9/2023,12/17/2023,NESCAFE
Mae,Ford,254,true,8/22/2023,12/18/2023,BARCEL
Helen,Morales,96,false,5/31/2023,12/19/2023,AMORE
Augusta,Bowman,510,true,1/18/2023,12/20/2023,CASSAVA
Chase,Hicks,1709,true,8/17/2023,12/21/2023,KRAUT
Jordan,Massey,194,true,7/4/2023,12/22/2023,VERI
Irene,Cruz,1431,true,2/14/2023,12/23/2023,ATKINS
Emily,Becker,1472,true,5/6/2023,12/24/2023,SAGE
Sean,Huff,1269,false,8/20/2023,12/25/2023,RAP
Iva,Morales,851,false,5/26/2023,12/26/2023,STRING
Jeremy,Murphy,393,true,6/4/2023,12/27/2023,SKYBAR
Lydia,Manning,1514,false,6/5/2023,12/28/2023,OLYKRAUT
Ronald,Barnes,80,false,6/6/2023,12/29/2023,AJVAR
